<GeoServerTileLayer>
  <id>LayerInfoImpl--570ae188:124761b8d78:-7fce</id>
  <enabled>true</enabled>
  <name>tiger:poly_landmarks</name>
  <mimeFormats>
    <string>image/jpeg</string>
    <string>image/png</string>
  </mimeFormats>
  <gridSubsets>
    <gridSubset>
      <gridSetName>EPSG:900913</gridSetName>
    </gridSubset>
    <gridSubset>
      <gridSetName>EPSG:4326</gridSetName>
    </gridSubset>
  </gridSubsets>
  <metaWidthHeight>
    <int>4</int>
    <int>4</int>
  </metaWidthHeight>
  <parameterFilters>
    <stringParameterFilter>
      <key>STYLES</key>
      <defaultValue>poly_landmarks</defaultValue>
      <values>
        <string>grass</string>
        <string>polygon</string>
        <string>restricted</string>
      </values>
    </stringParameterFilter>
  </parameterFilters>
  <gutter>0</gutter>
  <autoCacheStyles>true</autoCacheStyles>
</GeoServerTileLayer>