<GeoServerTileLayer>
  <id>LayerInfoImpl--570ae188:124761b8d78:-7fbe</id>
  <enabled>true</enabled>
  <name>topp:tasmania_cities</name>
  <mimeFormats>
    <string>image/jpeg</string>
    <string>image/png</string>
  </mimeFormats>
  <gridSubsets>
    <gridSubset>
      <gridSetName>EPSG:900913</gridSetName>
    </gridSubset>
    <gridSubset>
      <gridSetName>EPSG:4326</gridSetName>
    </gridSubset>
  </gridSubsets>
  <metaWidthHeight>
    <int>4</int>
    <int>4</int>
  </metaWidthHeight>
  <parameterFilters/>
  <gutter>0</gutter>
  <autoCacheStyles>true</autoCacheStyles>
</GeoServerTileLayer>